opcode,count,basecyc
0000,85,8
0001,19,8
0002,5326,8
0029,3,20
002d,5249,20
002e,73,20
0040,398,8
0042,3321,8
0047,97,8
0110,5,8
012d,2,12
0139,3321,16
0200,23012,8
0201,11976,8
0202,18776,8
0203,6314,8
0204,10758,8
0205,2,8
0211,1,16
0228,68,20
022c,1,20
022d,5427,20
022e,3624,20
0240,216946,8
0241,33925,8
0242,98170,8
0243,7548,8
0244,45007,8
0245,3236,8
0246,38856,8
0247,38856,8
0254,231,16
0255,45007,16
026d,3321,20
026e,791,20
027c,3,20
0280,45139,14
0281,11128,14
0284,45007,14
0302,2543,6
03c0,6,8
0400,784,8
0404,7,8
042e,84,20
0440,71752,8
0441,58769,8
0442,220798,8
0443,6991,8
0445,1,8
0469,3,20
046e,66,20
0485,15,16
0600,1135,8
0601,19227,8
0602,2024,8
0603,1,8
062e,120,20
0640,28681,8
0641,9908,8
0642,238227,8
0643,9778,8
0658,932,16
066e,1344,20
0680,728,16
0681,30,16
0683,135,16
0684,135,16
0685,15,16
0686,30,16
06ad,45007,32
0800,18994,10
0801,31802,10
0802,21134,10
0803,224,10
0805,3140,10
0807,2,10
0810,5,12
0828,343054,16
0829,30,16
082c,703,16
082d,88136,16
082e,89970,16
0833,80,18
0839,62814,20
0880,5241,14
0887,3134,14
0890,1,16
08ad,11904,20
08ae,18443,20
08b9,7,24
08d0,1,16
08e8,1458,20
08e9,2,20
08ec,18,20
08ee,12945,20
08f9,2,24
0a00,9160,8
0a01,1178,8
0a02,19214,8
0a2b,1289,20
0a2e,88,20
0a40,9085,8
0a42,12092,8
0c00,13103,8
0c01,14212,8
0c02,16051,8
0c03,133,8
0c04,1157,8
0c05,58,8
0c07,9894,8
0c10,31956,12
0c28,12175,16
0c29,2404,16
0c2a,339,16
0c2c,2019,16
0c2d,102477,16
0c2e,16010,16
0c32,50,18
0c39,11572,20
0c40,102533,8
0c41,82,8
0c42,3575,8
0c44,2303,8
0c45,255820,8
0c46,211721,8
0c47,206,8
0c50,5327,12
0c51,5544,12
0c53,355,12
0c54,212,12
0c68,25398,16
0c69,5211,16
0c6b,9036,16
0c6c,18,16
0c6d,36515,16
0c6e,237772,16
0c72,63,18
0c78,16047,16
0c79,16010,20
0c80,1,14
0c81,3321,14
0c90,12,20
0cb9,5327,28
0d2d,5494,12
0f01,5,6
0f06,9632,6
0f2d,3196,12
0f2e,2898,12
1001,2,4
1003,980,4
1004,10652,4
1006,4,4
1010,26951,8
1011,15782,8
1018,16903,8
1019,67149,8
101a,11128,8
101c,27,8
101f,18,8
1028,40185,12
1029,850,12
102a,1,12
102b,10072,12
102c,8719,12
102d,139543,12
102e,683001,12
1030,11034,14
1031,493,14
1032,3910,14
1036,12,14
1038,2,12
1039,47507,16
103b,7391,14
103c,5341,8
1080,2,8
10bc,32,12
10c0,22,8
10d9,256,12
1140,30610,12
1141,29327,12
1142,10801,12
1169,2,20
116d,6642,20
116e,4,20
117b,2,22
117c,1173,16
1180,372,14
1182,1,14
1200,22408,4
1202,7406,4
1210,6,8
1212,51,8
1215,6989,8
1218,18469,8
1219,202015,8
121a,74752,8
1228,196868,12
1229,25278,12
122a,162868,12
122b,8883,12
122c,380,12
122d,48633,12
122e,30617,12
1230,1206,14
1231,45065,14
1232,170,14
1233,2154,14
1239,5346,16
123b,948,14
123c,8213,8
1280,18,8
12bc,5,12
12c0,266,8
12d8,256,12
1340,21,12
1355,6,16
1368,8,20
136b,3319,20
136d,5,20
136e,331,20
137b,444,22
137c,593,16
1381,1,14
1383,1,14
13c0,225837,16
13c1,5599,16
13c2,9,16
13c5,9,16
13f9,1,28
13fb,1,26
13fc,21420,20
1400,5415,4
1401,649,4
1403,500,4
1405,19703,4
1418,8494,8
1419,72903,8
141a,11128,8
1428,8019,12
1429,3395,12
142a,3488,12
142b,362,12
142d,12352,12
142e,187531,12
1430,75,14
1432,2872,14
1433,757,14
1439,10757,16
143c,1765,8
1480,196608,8
1482,10652,8
14bb,2,18
14bc,4,12
14f0,12,18
14fc,501,12
1540,113,12
1541,6640,12
157c,1,16
1600,8019,4
1602,1,4
1610,353,8
1618,88034,8
161a,11128,8
1628,51,12
162a,166217,12
162b,362,12
162d,371,12
162e,9085,12
1633,51,14
1639,5327,16
163b,228,14
163c,9,8
1740,2,12
1741,45007,12
1744,45007,12
176e,90014,20
1771,90014,22
1776,44953,22
1800,162712,4
1801,45008,4
1802,6390,4
1805,103,4
1811,18,8
1818,2154,8
1829,384,12
182c,2,12
182e,7,12
1839,10653,16
183c,18,8
1880,1,8
1881,12,8
18bc,3321,12
1940,381,12
1941,1,12
1944,1,12
1945,13,12
1946,1,12
1947,12,12
1969,18,20
197c,214,16
1a00,6642,4
1a11,10,8
1a18,41990,8
1a1b,278,8
1a28,15607,12
1a29,384,12
1a2c,3,12
1a33,51,14
1a39,10656,16
1a3b,58854,14
1a80,7,8
1a81,2115,8
1a98,6364,12
1aa8,3,16
1aac,1,16
1b40,21321,12
1b41,40340,12
1b42,14140,12
1b43,10652,12
1b46,1,12
1b6d,1607,20
1b6e,135022,20
1b71,1,22
1b7b,10702,22
1b7c,8104,16
1c01,25191,4
1c18,38856,8
1c19,146767,8
1c29,334,12
1c2b,9632,12
1c2c,4,12
1c2d,1,12
1c3b,45007,14
1cdc,29,12
1d40,81587,12
1d41,6634,12
1d42,39416,12
1d44,2208,12
1d45,20834,12
1d47,2843,12
1d50,5564,16
1d51,1,16
1d68,9805,20
1d6b,840,20
1d6c,18,20
1d6d,12,20
1d6e,872,20
1d72,150,22
1d79,3,24
1d7b,3360,22
1d7c,48736,16
1d80,12,14
1e06,38856,4
1e18,3139,8
1e3c,10652,8
1f29,18,16
2001,9040,4
2004,181,4
2009,1532,4
200b,45008,4
200e,430934,4
2010,13284,12
2018,798,12
201c,129,12
201f,1,12
2020,26568,14
202d,716,16
202e,50196,16
2039,1,20
203b,6,18
203c,10529,12
2040,1512,4
2041,44404,4
2046,165,4
2049,5,4
204a,7,4
204b,1,4
204d,5,4
204e,6663,4
2051,1,12
205f,489,12
2069,10,16
206d,52831,16
206e,163478,16
2070,39990,18
2071,3,18
2078,4,16
2079,3554,20
207b,59504,18
2080,5,12
2089,4,12
20c0,195,12
20c1,188177,12
20c2,514,12
20c3,3570,12
20d9,11432,20
20fc,9,20
2140,33,16
2148,10614,16
217c,92,24
2181,56,18
21ac,3,30
2200,877,4
2205,181,4
2208,12,4
2209,722,4
220c,45007,4
2210,178256,12
2213,5564,12
221b,3,12
221f,1,12
2228,3321,16
222e,38856,16
2230,2,18
223b,2730,18
223c,3141,12
2240,1540,4
2241,6286,4
2248,16792,4
224b,7,4
224c,5564,4
224e,5585,4
2255,45007,12
2258,16,12
225f,18,12
226c,5326,16
226d,34237,16
226e,5025,16
2271,1304,18
2278,2,16
227b,27081,18
227c,18,12
2281,30,12
2283,120,12
2284,120,12
2285,30,12
2286,30,12
2290,10652,20
22c0,870,12
22c1,1,12
22d8,6238,20
2340,5,16
2341,2,16
2342,722,16
2343,722,16
2348,722,16
234c,18,16
234e,598,16
2368,4,28
237c,4,24
23c8,3554,20
23f9,1,36
23fc,3354,28
2400,74,4
240b,1,4
241f,75,12
242e,30,16
2432,2572,18
243c,9156,12
2441,188745,4
2448,3320,4
2449,4046,4
2459,1,12
2468,18,16
246c,5332,16
246d,9084,16
246e,131,16
2472,1001,18
2473,37,18
247b,14472,18
247c,1,12
248e,1,12
24c1,46208,12
24c9,1424,12
24d8,5338,20
2540,13,16
2598,8,26
25ac,1,30
25b3,8,32
2600,7,4
2604,11304,4
262e,30,16
263c,701,12
2640,717,4
2648,2494,4
2649,3332,4
264a,192,4
264e,12698,4
2669,18,16
266d,55137,16
2673,9036,18
267b,9,18
2689,4,12
26da,4,20
270c,1,12
2749,3,16
2800,4,4
2809,1,4
283c,1,12
2841,222007,4
2848,1,4
2849,2,4
285b,1,12
285f,1,12
286a,680,16
286b,680,16
286d,38817,16
286e,101,16
2874,83,18
287b,76,18
2940,1,16
2943,153085,16
2948,6,16
294e,18,16
296d,2,28
2a00,4,4
2a01,1,4
2a15,11600,12
2a3c,1,12
2a5f,1,12
2a80,2867,12
2a81,147,12
2a82,2914,12
2a83,18,12
2a9f,5310,20
2ab1,45007,26
2abb,725,26
2b40,1,16
2b48,9,16
2b49,4623,16
2b4e,128536,16
2b4f,2,16
2b50,6642,24
2b6d,5040,28
2b7c,5266,24
2c00,4,4
2c08,53,4
2c3b,9632,18
2c3c,1,12
2c40,173566,4
2c48,11,4
2c5f,6655,12
2c6d,141700,16
2d40,1122,16
2d48,3391,16
2d49,16557,16
2d4a,51,16
2d6d,6,28
2d6e,20834,28
2d70,7,30
2d71,1288,30
2d72,1,30
2d7c,635,24
2e00,1,4
2e05,86588,4
2e3c,5565,12
2e7c,5,12
2ebc,1,20
2f00,1,12
2f01,1,12
2f02,75,12
2f08,489,12
2f09,18,12
2f0c,1,12
2f0d,1,12
2f0e,6654,12
2f15,5312,20
2f3c,4,20
3001,4099,4
3002,65,4
3003,9950,4
3004,77926,4
3005,73082,4
3006,10484,4
3007,50636,4
3008,65540,4
300b,21,4
3010,267,8
3011,113,8
3012,51,8
3015,45007,8
3018,32284,8
3019,95622,8
301c,802,8
301f,2,8
3028,26323,12
3029,3324,12
302a,19349,12
302b,16805,12
302c,2028,12
302d,86797,12
302e,475789,12
3030,51244,14
3031,6580,14
3032,166,14
3033,7,14
3034,850,14
3038,10656,12
3039,3,16
303b,94014,14
303c,111578,8
3080,19060,8
3081,103850,8
3099,1165,12
30a9,61440,16
30bc,24320,12
30c0,102915,8
30c1,724221,8
30c6,3321,8
30d9,233,12
30fc,23484,12
3100,9039,8
3140,11211,12
316e,692,20
317b,6,22
317c,31923,16
31ad,255,22
3200,296827,4
3202,1805,4
3203,87,4
3207,1,4
320b,257,4
3210,98304,8
3211,722,8
3218,1239,8
3219,13618,8
321f,1,8
3228,3134,12
3229,47490,12
322a,23733,12
322b,11056,12
322c,222032,12
322d,81058,12
322e,134565,12
3230,2353,14
3232,18,14
3234,170,14
3239,45203,16
323b,9085,14
323c,106590,8
3280,5248,8
3281,24384,8
3298,45390,12
32bc,398,12
32c0,4238,8
32c1,11472,8
32c3,11600,8
32d8,14329,12
3340,830,12
3341,2771,12
3342,1,12
3345,27,12
3350,72,16
3358,180,16
335c,50,16
335f,45,16
3368,10656,20
336e,229,20
3370,40,22
3373,45,22
337b,442,22
337c,2165,16
33c0,113102,16
33c1,8489,16
33c2,5966,16
33d8,99240,20
33e9,2,24
33ed,5326,24
33ee,203,24
33f9,5341,28
33fc,13449,20
3400,12410,4
3401,4933,4
3404,1,4
3407,28,4
3411,1205,8
3415,8471,8
3418,11602,8
3419,12134,8
341f,35054,8
3429,162729,12
342d,65642,12
342e,30609,12
3430,6849,14
3434,170,14
3438,1,12
343c,7157,8
34bc,5338,12
34d8,5338,12
3540,1444,12
3580,1,14
3601,1330,4
3602,67260,4
3615,13,8
3618,65037,8
361a,45007,8
361f,810,8
3628,29,12
3629,401,12
362d,1095,12
362e,14245,12
3631,3308,14
3634,170,14
3638,5,12
3640,1,4
36c0,45007,8
36c1,168494,8
36f9,1,20
3740,90014,12
3741,90014,12
376e,135021,20
37b8,4,22
3800,45008,4
3802,15,4
3803,12092,4
3811,18,8
3818,3136,8
3829,11128,12
382c,5564,12
382e,95578,12
383c,470,8
3880,438965,8
3881,938357,8
3882,393104,8
3883,67722,8
3898,1346964,12
3899,152269,12
389a,108,12
38bc,1297273,12
3940,204219,12
3941,58120,12
3942,495032,12
3943,227069,12
3944,149098,12
3945,5,12
3946,1236,12
3959,2236,16
397c,128824,16
3a06,12879,4
3a19,1,8
3a28,85,12
3a2d,45007,12
3a2e,18170,12
3a3c,13195,8
3a80,6860,8
3aad,12875,16
3b40,10724,12
3b43,45007,12
3b44,45007,12
3b45,50246,12
3b47,1,12
3b6d,3500,20
3b6e,3320,20
3b70,4,22
3b72,1,22
3b79,4,24
3b7b,255,22
3b7c,45359,16
3c00,1,4
3c02,11600,4
3c04,1,4
3c05,11312,4
3c07,39,4
3c18,14529,8
3c19,3,8
3c28,165,12
3c29,85,12
3c3c,16540,8
3c86,3,8
3d40,30188,12
3d41,29121,12
3d42,319,12
3d45,45007,12
3d46,45007,12
3d47,5564,12
3d50,544,16
3d58,38994,16
3d5c,12,16
3d68,7926,20
3d69,1703,20
3d6a,1,20
3d6d,6,20
3d6e,39578,20
3d70,218,22
3d71,2,22
3d7b,1161,22
3d7c,59431,16
3e02,2,4
3e04,12092,4
3e05,99115,4
3e19,1620,8
3e2d,45007,12
3e2e,5564,12
3e38,1,12
3e39,1,16
3e3c,22,8
3f00,29,8
3f01,19,8
3f02,34804,8
3f03,810,8
40e7,1,14
41e8,10657,8
41ea,1,8
41ec,20,8
41ed,103744,8
41f0,2204,12
41f8,12,8
41f9,92032,12
41fa,5558,8
41fb,44,12
4210,4,12
4211,5,12
421c,54,12
4228,20459,16
4229,1669,16
422a,168,16
422b,45177,16
422c,2,16
422d,26285,16
422e,62581,16
4230,1,18
4239,5344,20
4240,1638,4
4250,3555,12
4251,353,12
4252,6326,12
4254,44107,12
4255,13544,12
4268,6,16
4269,54253,16
426d,12537,16
426e,59023,16
4273,3,18
4279,10625,20
4290,3,20
4291,725,20
4295,45007,20
4298,96,20
42a8,10664,24
42ad,6766,24
42ae,42239,24
43e8,1377,8
43ec,4,8
43ed,31935,8
43ee,10242,8
43f0,10480,12
43f1,4,12
43f6,5292,12
43f9,112475,12
43fa,16,8
4400,509,4
4401,1,4
4403,1,4
4404,1064,4
4440,79135,4
4441,5130,4
4442,4005,4
4443,9170,4
4444,5564,4
4445,9085,4
4446,1075,4
446e,15,16
44fc,5,16
45ea,5152,8
45ec,8,8
45ed,981,8
45ee,9907,8
45f2,334,12
45f4,5292,12
45f9,90203,12
45fa,10608,8
4600,26634,4
4601,1377,4
4602,10652,4
4603,8019,4
4605,1,4
4640,5312,4
46df,1,16
46fc,5335,16
47ed,50458,8
47f3,85,12
47f9,22793,12
4840,7949,4
4841,29950,4
4842,16817,4
4843,5812,4
4844,13978,4
4845,23719,4
4846,5326,4
4847,92155,4
487a,5260,16
4880,5545,4
4881,1,4
4882,362,4
4883,362,4
4884,384,4
4885,384,4
48a7,250,8
48e0,10255,8
48e1,769,8
48e3,1,8
48e7,27967,8
49ed,45120,8
49ee,15,8
49f9,35180,12
49fa,3,8
4a00,12321,4
4a01,3487,4
4a02,36,4
4a03,89,4
4a04,5326,4
4a07,8943,4
4a10,13956,8
4a11,8185,8
4a14,3321,8
4a28,59422,12
4a29,33916,12
4a2a,7270,12
4a2b,1120,12
4a2c,20437,12
4a2d,488496,12
4a2e,235550,12
4a30,1347,14
4a33,190,14
4a36,9906,14
4a38,5,12
4a39,19328672,16
4a40,2142,4
4a42,19926,4
4a47,45007,4
4a50,5763,8
4a51,7,8
4a54,1,8
4a68,24208,12
4a69,159169,12
4a6a,11,12
4a6b,1116,12
4a6c,18,12
4a6d,31716,12
4a6e,255042,12
4a70,4,14
4a72,14,14
4a79,11396,16
4a90,5312,12
4aad,6643,16
4aae,2811,16
4bf9,29742,12
4cd9,1,12
4cdb,1,12
4cdf,27965,12
4dec,10280,8
4ded,21100,8
4df9,10533,12
4dfa,1,8
4e71,342057,4
4e73,5325,20
4e75,1497609,16
4e90,212092,16
4e91,5780,16
4e92,21172,16
4e93,19,16
4eb8,22,18
4eb9,577108,20
4eba,213559,18
4ed0,14,8
4ed1,26795,8
4ed6,3,8
4ef8,3,10
4ef9,123965,12
4efa,463899,10
4efb,331670,14
4ff9,3,12
5000,438,4
502e,3367,16
50ee,99,16
512e,2194,16
5141,882,4
5142,2236,4
51c8,7958722,12
51c9,215319,12
51ca,1681,12
51cb,7623,12
51cc,34800,12
51cd,23022,12
51ce,629614,12
51cf,1451208,12
51ee,84,16
5200,3325,4
5201,280342,4
5205,7,4
5206,1,4
5207,9894,4
5228,3,16
522c,94,16
522d,171670,16
522e,62218,16
5230,146,18
5239,31,20
5240,47869,4
5241,58698,4
5242,55310,4
5245,19005,4
5246,247567,4
5248,353,4
5249,25059,4
5258,233,12
5269,5951,16
526d,6111,16
526e,1631,16
5289,1,8
52aa,5,24
52ac,83,24
52ad,5326,24
52b2,1,26
52c0,39,4
5300,5756,4
5301,656,4
5303,29,4
5328,10390,16
532c,10364,16
532d,180801,16
532e,12608,16
5336,12,18
5340,50867,4
5341,28214,4
5342,5564,4
5343,7682,4
5344,45007,4
5345,115321,4
5346,91226,4
5347,77907,4
5368,434,16
536d,766,16
536e,10646,16
5387,130938,8
5401,31,4
542d,2787,16
5440,450,4
5441,278,4
5444,149702,4
5448,26208,4
546e,56,16
5488,98304,8
5489,1,8
548b,5326,8
54ae,211,24
552e,36,16
5541,231,4
5546,581,4
5549,3536,8
556e,37,16
562d,2,16
57c0,1160,4
5841,4,4
5846,24,4
5847,19,4
5848,13870,4
5849,169376,4
584a,585,4
5888,2,8
5889,6,8
5942,1,4
5c00,2,4
5c49,251,4
5c4b,163,4
5e6e,682,16
6000,92591,10
6002,39,10
6004,1537,10
6006,9660,10
6008,13,10
600a,10,10
600c,2652,10
600e,831,10
6010,636,10
6012,414,10
6014,3,10
6018,3319,10
6020,85,10
6022,3157,10
6026,5326,10
6028,830,10
602a,3,10
602c,1,10
602e,5,10
6030,2,10
603e,66,10
6046,2717,10
6050,2455,10
6054,27,10
6088,107,10
60b0,6,10
60ba,1,10
60e0,5,10
60e6,10393,10
60e8,1,10
60ea,8,10
60ee,693,10
60f0,7564,10
60f4,262,10
60f6,25,10
6100,456962,18
6106,20,18
610c,9,18
6118,3,18
6128,4,18
612a,1,18
613a,3,18
6144,13,18
614e,5,18
6152,1,18
6154,2,18
6164,1,18
6178,1,18
6194,1,18
61b6,1,18
61bc,4,18
61c6,5326,18
61c8,2,18
61ca,1,18
61ce,15,18
61d0,10,18
61d4,216,18
6200,1225,10
6202,41,10
6204,572,10
6208,75,10
620a,80,10
6214,25,10
6216,3321,10
621e,682,10
628a,26568,10
62c0,1927,10
62c4,3318,10
62da,158,10
62e0,17205,10
62e2,149,10
62f4,124,10
6300,6943,10
6304,27,10
6306,1116,10
6400,365715,10
6404,92,10
6406,20,10
6408,2131,10
640e,5415,10
6418,3283,10
6422,1,10
642c,7,10
6430,1,10
64da,9,10
64ea,1,10
64f4,192930,10
6500,5823,10
6502,8150,10
6504,6366,10
6506,1,10
6508,15,10
650a,12645,10
650e,5393,10
6510,3,10
6512,6656,10
6514,446895,10
6518,60,10
651a,12,10
6528,64,10
652a,315,10
652e,17891,10
6530,12585,10
6534,157,10
653a,6954,10
6546,2997,10
6558,510,10
6566,4646,10
65a2,4,10
65f4,512,10
6600,926962,10
6602,28588,10
6604,332301,10
6606,68027,10
6608,34953,10
660a,37699,10
660c,33739,10
660e,31074,10
6610,21198,10
6612,15902,10
6614,156438,10
6616,5945,10
6618,8245,10
661a,11474,10
661c,5365,10
661e,8656,10
6620,30127,10
6622,157,10
6624,505,10
6626,6761,10
6628,6705,10
662a,19869,10
662c,1998,10
662e,2586,10
6630,667,10
6632,5003,10
6634,20,10
6636,3176,10
6638,5588,10
663a,5713,10
663c,5326,10
6640,162729,10
6642,3,10
6644,8087,10
6646,6640,10
6648,18,10
664a,2018,10
664c,1,10
664e,109,10
6650,828,10
6652,8548,10
6654,5384,10
6658,2059,10
665a,79,10
665c,2543,10
665e,3487,10
6660,79,10
6662,5504,10
6668,52,10
666a,15,10
666e,1,10
6670,5326,10
6672,828,10
6676,5564,10
6678,10862,10
667e,43,10
6690,470,10
66cc,4,10
66d0,4,10
66d6,210,10
66d8,4,10
66da,4,10
66e0,5329,10
66e2,9894,10
66e6,4,10
66e8,1200,10
66ec,39624,10
66ee,5,10
66f0,159,10
66f2,15,10
66f4,131006,10
66f8,46302,10
66fa,136,10
6700,1910539,10
6702,52433,10
6704,106272,10
6706,235178,10
6708,65305,10
670a,32840,10
670c,35814,10
670e,341115,10
6710,14008,10
6712,12079,10
6714,7494,10
6716,306,10
6718,10294,10
671a,126959,10
671c,14030,10
671e,35488,10
6720,6624,10
6722,13297,10
6724,20078,10
6726,7350,10
6728,14492,10
672a,4442,10
672c,5407,10
672e,8044,10
6730,87,10
6732,8554,10
6734,8653,10
6736,831,10
6738,2101,10
673c,182,10
6740,735,10
6742,282,10
6744,5326,10
6746,112,10
6748,3321,10
674a,2,10
674c,5811,10
674e,3215,10
6752,10888,10
6754,3043,10
6756,121,10
6758,10652,10
675a,8793,10
675e,18,10
6762,3047,10
6764,33,10
676a,2473,10
676c,828,10
676e,5083,10
6770,18,10
6772,5564,10
6776,18,10
6778,5662,10
677e,5564,10
67aa,1,10
67cc,1,10
67d2,1,10
67d8,1,10
67da,210,10
67e0,5,10
67e4,1,10
67e6,5318,10
67ea,511,10
67f6,1,10
67f8,19224266,10
6a00,313870,10
6a02,7121,10
6a04,9189,10
6a06,6642,10
6a08,17938,10
6a0a,15820,10
6a0c,1116,10
6a0e,64,10
6a10,1169,10
6a12,7,10
6a14,10352,10
6a16,4,10
6a18,10,10
6a20,1420,10
6a22,1257,10
6a2c,3168,10
6ae8,15,10
6b00,200858,10
6b02,161,10
6b04,5844,10
6b06,3384,10
6b08,1931,10
6b0a,169688,10
6b0c,4,10
6b0e,3319,10
6b10,7650,10
6b14,6642,10
6b16,5326,10
6b1a,1,10
6b20,454,10
6b24,4,10
6b28,85,10
6b2a,6640,10
6b34,3321,10
6b40,3196,10
6b46,735,10
6b48,828,10
6b5a,2775,10
6b68,3308,10
6bc8,210881,10
6be0,211,10
6c02,5565,10
6c06,1,10
6c0c,19,10
6c20,48,10
6c26,62,10
6d00,18,10
6d04,139,10
6d06,8981,10
6d0c,2782,10
6d10,257,10
6d12,155,10
6d18,28,10
6d1a,114,10
6d22,150,10
6d28,1088,10
6d38,1095,10
6de0,103,10
6e00,256,10
6e04,29,10
6e08,5910,10
6e0a,340,10
6e12,103,10
6e1c,284,10
6e1e,28,10
6e20,1088,10
6e30,1092,10
6e3c,138,10
6e46,382,10
6e4a,1906,10
6f00,989,10
6f04,287,10
6f06,18,10
6f0a,3321,10
6f1c,121,10
7000,379979,4
7001,19378,4
7002,6757,4
7003,6005,4
7004,134,4
7005,4,4
7006,12,4
7007,25,4
7008,4456,4
7009,3,4
700a,3176,4
700b,1,4
700c,5,4
700d,5,4
700f,722,4
7011,5,4
7018,4,4
701b,1,4
701d,2,4
701e,3321,4
701f,12093,4
7028,299,4
702a,1,4
702e,1,4
702f,7,4
7044,1,4
7046,148,4
705d,9,4
7060,3488,4
70ff,142,4
7200,90274,4
7201,6478,4
7202,5497,4
7203,6253,4
7205,3,4
7206,3,4
7208,259,4
720a,353,4
720f,2351,4
721f,6,4
7225,11,4
7227,68,4
722c,2,4
7238,3,4
72fe,70,4
72ff,70,4
7400,24961,4
7401,6812,4
7402,7025,4
7404,3494,4
740e,164,4
7410,30,4
7420,5,4
7434,11,4
7448,1044,4
7458,299,4
74e0,4,4
7600,30040,4
7601,50335,4
7602,5326,4
7605,2,4
7610,2,4
7628,11,4
7668,1044,4
767a,299,4
76ff,3401,4
7800,21027,4
7801,11862,4
7802,11601,4
7804,1,4
7806,1,4
7840,30925,4
78c0,14082,4
7a00,51612,4
7a08,5326,4
7a3f,6,4
7c00,172702,4
7c01,5724,4
7c02,8,4
7c03,3,4
7c05,3163,4
7c06,3322,4
7c07,3321,4
7c08,2,4
7c0b,2,4
7c0e,1,4
7e00,24937,4
7e01,9249,4
7e02,15670,4
7e03,5305,4
7e05,10604,4
7e06,4,4
7e07,67,4
7e08,5,4
7e09,1,4
7e0c,1,4
7e0f,2,4
7e10,12092,4
7e17,1,4
7e1f,6649,4
7e7f,1,4
7eff,2794,4
8001,6647,4
8002,6746,4
8028,5400,12
8029,9080,12
802b,716,12
802c,5493,12
802d,9966,12
802e,23167,12
8030,10514,14
8039,2,16
8041,18637,4
806e,45012,12
80fc,2236,144
8159,45390,12
816d,3321,16
81fc,3488,162
8228,6378,12
822e,61,12
8243,1788,4
8300,80,6
8302,3,6
8401,10661,4
842b,3488,12
8443,45007,4
8602,1,4
8603,1,4
8605,1,4
862b,3488,12
8642,1326,4
8672,34800,14
8884,1,6
892e,18,16
8a04,1,4
8a40,2,4
9000,12,4
9013,12,8
9041,113489,4
9042,5745,4
9045,14602,4
9046,12092,4
9068,18,12
9069,3369,12
906a,592,12
906b,2728,12
906d,3488,12
906e,3181,12
9072,18,14
9169,5,16
916b,1116,16
91fc,9,16
9240,43221,4
9243,67,4
9268,3268,12
9269,29,12
926b,592,12
926d,22702,12
92fc,1920,14
936e,295,16
9400,26357,4
9402,3,4
9440,1121,4
9441,25,4
946e,4,12
9641,1113,4
9c40,3581,4
9c47,45898,4
9e45,12092,4
9e46,65627,4
b015,1,8
b018,28,8
b028,121,12
b02c,11,12
b02d,6018,12
b02e,14344,12
b032,8,14
b039,1,16
b03c,56,8
b041,10472,4
b042,11490,4
b058,25,8
b068,124,12
b06a,15930,12
b06b,18458,12
b06c,180321,12
b06d,257402,12
b06e,23383,12
b072,4,14
b073,3,14
b079,5313,16
b07c,5332,8
b0a8,3321,18
b0ae,37461,18
b101,31818,4
b141,252,4
b142,45007,4
b1ee,36558,18
b1f9,16,22
b1fc,56536,14
b200,10697,4
b211,3321,8
b228,135,12
b240,101581,4
b243,134,4
b268,165,12
b26a,5910,12
b26e,873,12
b279,1200,16
b27c,514,8
b300,3846,4
b302,3047,4
b308,29,12
b315,5,12
b342,13477,4
b348,244,12
b3ca,512,6
b3fc,982,14
b405,69600,4
b42e,3043,12
b440,39,4
b441,3,4
b447,3,4
b455,18,8
b46a,25,12
b46e,5564,12
b501,123526,4
b503,5326,4
b540,83015,4
b541,10933,4
b5c9,244,6
b5fc,1,14
b63c,119,8
b641,401,4
b642,5,4
b655,18,8
b704,162729,4
b7ca,500,6
b806,4,4
ba2e,37862,12
bafc,181,10
bc44,12,4
bc47,45898,4
bd0c,1,12
bdc9,15,6
bdfc,3,14
be44,8,4
be59,6,8
c000,282,4
c001,4697,4
c010,269,8
c028,181,12
c02d,851,12
c040,4557,4
c042,422,4
c055,79594,8
c0fc,2,58
c101,12,6
c141,631,6
c142,2898,6
c149,12159,6
c1c1,27495,54
c1c2,19214,54
c1c5,9085,54
c1ee,661,62
c200,31818,4
c22d,11,12
c240,252,4
c241,3238,4
c26d,13037,12
c2c0,18,54
c2c2,18,54
c2fc,23,58
c308,20,18
c340,3488,6
c343,27,6
c3c0,1162,54
c3c2,19214,54
c3ee,661,62
c400,5326,4
c402,3601,4
c403,8019,4
c407,10652,4
c442,497,4
c46d,13477,12
c543,91,6
c54b,1,6
c602,15978,4
c607,10652,4
c643,7499,4
c801,162729,4
cc46,43339,4
d000,328882,4
d001,3618,4
d010,7,8
d011,2,8
d018,131066,8
d028,160,12
d029,19,12
d02b,20663,12
d02c,5,12
d02d,908,12
d02e,1373,12
d032,13,14
d040,544457,4
d041,165886,4
d042,16198,4
d044,5564,4
d045,90014,4
d050,75,8
d051,189,8
d055,2867,8
d068,3319,12
d069,18,12
d06a,3488,12
d06d,120,12
d06e,112652,12
d072,9,14
d0c0,12590,8
d0c1,3310,8
d0c2,5,8
d0c5,5239,8
d0c7,4,8
d0f1,3134,18
d0fc,169605,14
d100,21192,4
d12d,35,16
d12e,8067,16
d155,18,12
d16b,1116,16
d16d,222,16
d16e,75263,16
d1c0,6628,6
d1c2,6616,6
d200,60896,4
d201,59086,4
d202,51,4
d210,7,8
d229,20,12
d22d,9,12
d22e,5,12
d23b,5564,14
d240,1853,4
d241,29592,4
d242,353,4
d243,18,4
d255,18,8
d259,27183,8
d26b,3488,12
d26c,25,12
d26d,19214,12
d26e,5760,12
d272,1,14
d2c0,16630,8
d2c1,1076,8
d2fc,3710,14
d32d,36,16
d32e,163,16
d355,18,12
d36d,1366,16
d36e,1865,16
d3c0,155,6
d3c9,45007,6
d3fc,45007,16
d400,8443,4
d401,3321,4
d402,325459,4
d403,51,4
d432,2782,14
d441,37,4
d442,18002,4
d444,5564,4
d446,9085,4
d455,2914,8
d46c,5745,12
d472,9,14
d4c0,34353,8
d4c2,162729,8
d4c4,11128,8
d4f3,51,18
d4fc,1814,14
d569,2,16
d56c,8,16
d56e,172,16
d5c0,2,6
d5fc,34800,16
d62d,9,12
d640,6364,4
d643,11128,4
d644,213501,4
d646,14082,4
d655,18,8
d66c,5631,12
d66d,45007,12
d681,153085,6
d6c0,45109,8
d6c1,15523,8
d6c5,51,8
d6fc,6,14
d76e,172,16
d804,90014,4
d82e,247567,12
d844,4,4
d845,24184,4
d858,60,8
d882,11304,6
d884,90014,6
d8c0,3321,8
d92d,1,16
d96e,2,16
da33,51,14
da40,9134,4
da42,51,4
da43,247567,4
da45,14458,4
da6e,45007,12
dc19,1236,8
dc43,1236,4
dc46,85,4
df36,24,18
dfb1,12,26
dfb2,12,26
e029,6,6
e040,61920,22
e048,9,22
e04a,67,22
e058,2,22
e080,28299,24
e081,20376,24
e088,24668,24
e089,661,24
e08d,34800,24
e0ee,10,16
e11c,5326,22
e148,24841,22
e14a,12,22
e14c,2154,22
e18b,134,24
e1a9,423,8
e208,1100,8
e209,3327,8
e20c,18,8
e218,163,8
e240,3555,8
e248,7733,8
e249,51,8
e24a,34797,8
e24b,1126,8
e24c,18,8
e24e,34800,8
e318,4698,8
e319,4698,8
e34a,34800,8
e34d,2,8
e352,34800,8
e378,51,6
e408,620,10
e40a,29,10
e40b,29,10
e440,5432,10
e448,45227,10
e449,21,10
e44d,4,10
e4bb,250,8
e508,4,10
e50a,51,10
e51f,38856,10
e548,27681,10
e549,14,10
e54a,6715,10
e54b,362,10
e54c,385,10
e54d,437,10
e54e,9644,10
e558,51,10
e609,64,12
e6aa,29,8
e708,48,12
e710,4698,12
e711,4698,12
e719,620,12
e748,48284,12
e749,15927,12
e74a,5,12
e74b,6373,12
e74d,71,12
e74e,1236,12
e808,12,14
e80a,5302,14
e810,4698,14
e811,4698,14
e848,12873,14
e849,15148,14
e84a,54014,14
e858,205,14
e889,9039,16
e909,5326,14
e948,30549,14
e949,3662,14
e94a,353,14
e94c,11128,14
e94d,29,14
e95e,11600,14
e99b,500,16
ea48,2594,16
ea49,2819,16
ea4a,835,16
eb48,99,16
eb49,85,16
ec01,45007,18
ec04,45007,18
ed4b,46102,18
ed4c,12092,18
ed58,216,18
ee49,39660,20
ef48,108184,20
ef4b,462,20
